Solution: 3, Start Location: NashvilleTN, Max Time: 20 hrs, Speed: 50 mph

1. NashvilleTN, AlbanyKY, NashvilleTN_tofrom_AlbanyKY, 0.09430712166622786, 2.62, 0.9663931883624968, 9.663931883624969 

2. AlbanyKY, SpartaTN, SpartaTN_tofrom_AlbanyKY, 0.005679997414522464, 1.34, 0.33677828825038025, 3.3677828825038025 

3. SpartaTN, AlbanyKY, SpartaTN_tofrom_AlbanyKY, 0.005679997414522464, 1.34, 0.9663931883624968, 9.663931883624969 

4. AlbanyKY, NashvilleTN, NashvilleTN_tofrom_AlbanyKY, 0.09430712166622786, 2.62, 0.6779936884280207, 6.779936884280207 

Start Location: NashvilleTN, Total Trip Preference: 2.1811394032023985 , Total Trip Distance: 396.0 miles, Total Trip Time: 16.699679265895213 hrs